Bill_Number,Title,Status,Category,Diet_Session,House_Of_Origin,Bill_Type,Diet_URL,Summary,Submitted_Date,Created_At,Updated_At
217-1,所得税法等の一部を改正する法律案,backlog,taxation,217,参議院,議員,https://www.sangiin.go.jp/meisai/m217080217001.htm,,,2025-07-15T02:25:21.505181,2025-07-15T02:25:21.505184
217-2,地方税法及び地方税法等の一部を改正する法律の一部を改正する法律案,backlog,taxation,217,参議院,議員,https://www.sangiin.go.jp/meisai/m217080217002.htm,,,2025-07-15T02:25:21.505192,2025-07-15T02:25:21.505193
217-3,地方交付税法等の一部を改正する法律案,backlog,taxation,217,参議院,議員,https://www.sangiin.go.jp/meisai/m217080217003.htm,,,2025-07-15T02:25:21.505200,2025-07-15T02:25:21.505201
217-4,重要電子計算機に対する不正な行為による被害の防止に関する法律案,backlog,other,217,参議院,議員,https://www.sangiin.go.jp/meisai/m217080217004.htm,,,2025-07-15T02:25:21.505207,2025-07-15T02:25:21.505208
217-5,重要電子計算機に対する不正な行為による被害の防止に関する法律の施行に伴う関係法律の整備等に関する法律案,backlog,other,217,参議院,議員,https://www.sangiin.go.jp/meisai/m217080217005.htm,,,2025-07-15T02:25:21.505213,2025-07-15T02:25:21.505214
217-6,関税定率法等の一部を改正する法律案,backlog,taxation,217,参議院,議員,https://www.sangiin.go.jp/meisai/m217080217006.htm,,,2025-07-15T02:25:21.505220,2025-07-15T02:25:21.505221
217-7,国際開発協会への加盟に伴う措置に関する法律及び米州投資公社への加盟に伴う措置に関する法律の一部を改正する法律案,backlog,other,217,参議院,議員,https://www.sangiin.go.jp/meisai/m217080217007.htm,,,2025-07-15T02:25:21.505226,2025-07-15T02:25:21.505227
217-8,大学等における修学の支援に関する法律の一部を改正する法律案,backlog,other,217,参議院,議員,https://www.sangiin.go.jp/meisai/m217080217008.htm,,,2025-07-15T02:25:21.505232,2025-07-15T02:25:21.505233
217-9,公立の義務教育諸学校等の教育職員の給与等に関する特別措置法等の一部を改正する法律案,backlog,other,217,参議院,議員,https://www.sangiin.go.jp/meisai/m217080217009.htm,,,2025-07-15T02:25:21.505239,2025-07-15T02:25:21.505239
217-10,戦没者等の遺族に対する特別弔慰金支給法の一部を改正する法律案,backlog,other,217,参議院,議員,https://www.sangiin.go.jp/meisai/m217080217010.htm,,,2025-07-15T02:25:21.505245,2025-07-15T02:25:21.505246
217-11,情報処理の促進に関する法律及び特別会計に関する法律の一部を改正する法律案,backlog,other,217,参議院,議員,https://www.sangiin.go.jp/meisai/m217080217011.htm,,,2025-07-15T02:25:21.505251,2025-07-15T02:25:21.505252
217-12,道路法等の一部を改正する法律案,backlog,other,217,参議院,議員,https://www.sangiin.go.jp/meisai/m217080217012.htm,,,2025-07-15T02:25:21.505257,2025-07-15T02:25:21.505258
217-13,港湾法等の一部を改正する法律案,backlog,other,217,参議院,議員,https://www.sangiin.go.jp/meisai/m217080217013.htm,,,2025-07-15T02:25:21.505263,2025-07-15T02:25:21.505264
217-14,裁判所職員定員法の一部を改正する法律案,backlog,other,217,参議院,議員,https://www.sangiin.go.jp/meisai/m217080217014.htm,,,2025-07-15T02:25:21.505272,2025-07-15T02:25:21.505273
217-15,医薬品、医療機器等の品質、有効性及び安全性の確保等に関する法律等の一部を改正する法律案,backlog,other,217,参議院,議員,https://www.sangiin.go.jp/meisai/m217080217015.htm,,,2025-07-15T02:25:21.505278,2025-07-15T02:25:21.505278
217-16,防衛省設置法等の一部を改正する法律案,backlog,other,217,参議院,議員,https://www.sangiin.go.jp/meisai/m217080217016.htm,,,2025-07-15T02:25:21.505287,2025-07-15T02:25:21.505288
217-17,災害対策基本法等の一部を改正する法律案,backlog,other,217,参議院,議員,https://www.sangiin.go.jp/meisai/m217080217017.htm,,,2025-07-15T02:25:21.505293,2025-07-15T02:25:21.505294
217-18,株式会社地域経済活性化支援機構法の一部を改正する法律案,backlog,economy,217,参議院,議員,https://www.sangiin.go.jp/meisai/m217080217018.htm,,,2025-07-15T02:25:21.505299,2025-07-15T02:25:21.505300
217-19,電波法及び放送法の一部を改正する法律案,backlog,other,217,参議院,議員,https://www.sangiin.go.jp/meisai/m217080217019.htm,,,2025-07-15T02:25:21.505308,2025-07-15T02:25:21.505309
217-20,国会議員の選挙等の執行経費の基準に関する法律の一部を改正する法律案,backlog,other,217,参議院,議員,https://www.sangiin.go.jp/meisai/m217080217020.htm,,,2025-07-15T02:25:21.505313,2025-07-15T02:25:21.505314
217-21,医療法等の一部を改正する法律案,backlog,other,217,参議院,議員,https://www.sangiin.go.jp/meisai/m217080217021.htm,,,2025-07-15T02:25:21.505325,2025-07-15T02:25:21.505326
217-22,土地改良法等の一部を改正する法律案,backlog,other,217,参議院,議員,https://www.sangiin.go.jp/meisai/m217080217022.htm,,,2025-07-15T02:25:21.505331,2025-07-15T02:25:21.505331
217-23,独立行政法人国際協力機構法の一部を改正する法律案,backlog,other,217,参議院,議員,https://www.sangiin.go.jp/meisai/m217080217023.htm,,,2025-07-15T02:25:21.505336,2025-07-15T02:25:21.505337
217-24,株式会社日本政策投資銀行法の一部を改正する法律案,backlog,other,217,参議院,議員,https://www.sangiin.go.jp/meisai/m217080217024.htm,,,2025-07-15T02:25:21.505345,2025-07-15T02:25:21.505346
217-25,特別会計に関する法律の一部を改正する法律案,backlog,other,217,参議院,議員,https://www.sangiin.go.jp/meisai/m217080217025.htm,,,2025-07-15T02:25:21.505351,2025-07-15T02:25:21.505351
217-26,漁業災害補償法の一部を改正する法律案,backlog,other,217,参議院,議員,https://www.sangiin.go.jp/meisai/m217080217026.htm,,,2025-07-15T02:25:21.505356,2025-07-15T02:25:21.505357
217-27,鳥獣の保護及び管理並びに狩猟の適正化に関する法律の一部を改正する法律案,backlog,other,217,参議院,議員,https://www.sangiin.go.jp/meisai/m217080217027.htm,,,2025-07-15T02:25:21.505362,2025-07-15T02:25:21.505364
217-28,脱炭素成長型経済構造への円滑な移行の推進に関する法律及び資源の有効な利用の促進に関する法律の一部を改正する法律案,backlog,economy,217,参議院,議員,https://www.sangiin.go.jp/meisai/m217080217028.htm,,,2025-07-15T02:25:21.505369,2025-07-15T02:25:21.505370
217-29,人工知能関連技術の研究開発及び活用の推進に関する法律案,backlog,other,217,参議院,議員,https://www.sangiin.go.jp/meisai/m217080217029.htm,,,2025-07-15T02:25:21.505376,2025-07-15T02:25:21.505376
217-30,情報通信技術の進展等に対応するための刑事訴訟法等の一部を改正する法律案,backlog,other,217,参議院,議員,https://www.sangiin.go.jp/meisai/m217080217030.htm,,,2025-07-15T02:25:21.505385,2025-07-15T02:25:21.505385
217-31,森林経営管理法及び森林法の一部を改正する法律案,backlog,other,217,参議院,議員,https://www.sangiin.go.jp/meisai/m217080217031.htm,,,2025-07-15T02:25:21.505390,2025-07-15T02:25:21.505391
217-32,公益通報者保護法の一部を改正する法律案,backlog,other,217,参議院,議員,https://www.sangiin.go.jp/meisai/m217080217032.htm,,,2025-07-15T02:25:21.505396,2025-07-15T02:25:21.505397
217-33,円滑な事業再生を図るための事業者の金融機関等に対する債務の調整の手続等に関する法律案,backlog,other,217,参議院,議員,https://www.sangiin.go.jp/meisai/m217080217033.htm,,,2025-07-15T02:25:21.505402,2025-07-15T02:25:21.505403
217-34,老朽化マンション等の管理及び再生の円滑化等を図るための建物の区分所有等に関する法律等の一部を改正する法律案,backlog,other,217,参議院,議員,https://www.sangiin.go.jp/meisai/m217080217034.htm,,,2025-07-15T02:25:21.505418,2025-07-15T02:25:21.505418
217-35,地域の自主性及び自立性を高めるための改革の推進を図るための関係法律の整備に関する法律案,backlog,other,217,参議院,議員,https://www.sangiin.go.jp/meisai/m217080217035.htm,,,2025-07-15T02:25:21.505424,2025-07-15T02:25:21.505425
217-36,日本学術会議法案,backlog,other,217,参議院,議員,https://www.sangiin.go.jp/meisai/m217080217036.htm,,,2025-07-15T02:25:21.505506,2025-07-15T02:25:21.505507
217-37,保険業法の一部を改正する法律案,backlog,social_security,217,参議院,議員,https://www.sangiin.go.jp/meisai/m217080217037.htm,,,2025-07-15T02:25:21.505518,2025-07-15T02:25:21.505519
217-38,信託業法の一部を改正する法律案,backlog,other,217,参議院,議員,https://www.sangiin.go.jp/meisai/m217080217038.htm,,,2025-07-15T02:25:21.505524,2025-07-15T02:25:21.505525
217-39,資金決済に関する法律の一部を改正する法律案,backlog,other,217,参議院,議員,https://www.sangiin.go.jp/meisai/m217080217039.htm,,,2025-07-15T02:25:21.505530,2025-07-15T02:25:21.505531
217-40,児童福祉法等の一部を改正する法律案,backlog,other,217,参議院,議員,https://www.sangiin.go.jp/meisai/m217080217040.htm,,,2025-07-15T02:25:21.505536,2025-07-15T02:25:21.505537
217-41,行政手続における特定の個人を識別するための番号の利用等に関する法律及び住民基本台帳法の一部を改正する法律案,backlog,other,217,参議院,議員,https://www.sangiin.go.jp/meisai/m217080217041.htm,,,2025-07-15T02:25:21.505542,2025-07-15T02:25:21.505542
217-42,民事裁判情報の活用の促進に関する法律案,backlog,other,217,参議院,議員,https://www.sangiin.go.jp/meisai/m217080217042.htm,,,2025-07-15T02:25:21.505548,2025-07-15T02:25:21.505549
217-43,譲渡担保契約及び所有権留保契約に関する法律案,backlog,other,217,参議院,議員,https://www.sangiin.go.jp/meisai/m217080217043.htm,,,2025-07-15T02:25:21.505553,2025-07-15T02:25:21.505554
217-44,譲渡担保契約及び所有権留保契約に関する法律の施行に伴う関係法律の整備等に関する法律案,backlog,other,217,参議院,議員,https://www.sangiin.go.jp/meisai/m217080217044.htm,,,2025-07-15T02:25:21.505559,2025-07-15T02:25:21.505571
217-45,食品等の流通の合理化及び取引の適正化に関する法律及び卸売市場法の一部を改正する法律案,backlog,other,217,参議院,議員,https://www.sangiin.go.jp/meisai/m217080217045.htm,,,2025-07-15T02:25:21.505577,2025-07-15T02:25:21.505578
217-46,海洋再生可能エネルギー発電設備の整備に係る海域の利用の促進に関する法律の一部を改正する法律案,backlog,other,217,参議院,議員,https://www.sangiin.go.jp/meisai/m217080217046.htm,,,2025-07-15T02:25:21.505584,2025-07-15T02:25:21.505584
217-47,風俗営業等の規制及び業務の適正化等に関する法律の一部を改正する法律案,backlog,other,217,参議院,議員,https://www.sangiin.go.jp/meisai/m217080217047.htm,,,2025-07-15T02:25:21.505590,2025-07-15T02:25:21.505590
217-48,下請代金支払遅延等防止法及び下請中小企業振興法の一部を改正する法律案,backlog,other,217,参議院,議員,https://www.sangiin.go.jp/meisai/m217080217048.htm,,,2025-07-15T02:25:21.505595,2025-07-15T02:25:21.505596
217-49,盗難特定金属製物品の処分の防止等に関する法律案,backlog,other,217,参議院,議員,https://www.sangiin.go.jp/meisai/m217080217049.htm,,,2025-07-15T02:25:21.505601,2025-07-15T02:25:21.505602
217-50,労働施策の総合的な推進並びに労働者の雇用の安定及び職業生活の充実等に関する法律等の一部を改正する法律案,backlog,other,217,参議院,議員,https://www.sangiin.go.jp/meisai/m217080217050.htm,,,2025-07-15T02:25:21.505607,2025-07-15T02:25:21.505608
217-51,環境影響評価法の一部を改正する法律案,backlog,other,217,参議院,議員,https://www.sangiin.go.jp/meisai/m217080217051.htm,,,2025-07-15T02:25:21.505613,2025-07-15T02:25:21.505614
217-52,独立行政法人男女共同参画機構法案,backlog,other,217,参議院,議員,https://www.sangiin.go.jp/meisai/m217080217052.htm,,,2025-07-15T02:25:21.505619,2025-07-15T02:25:21.505620
217-53,独立行政法人男女共同参画機構法の施行に伴う関係法律の整備等に関する法律案,backlog,other,217,参議院,議員,https://www.sangiin.go.jp/meisai/m217080217053.htm,,,2025-07-15T02:25:21.505625,2025-07-15T02:25:21.505625
217-54,電気通信事業法及び日本電信電話株式会社等に関する法律の一部を改正する法律案,backlog,other,217,参議院,議員,https://www.sangiin.go.jp/meisai/m217080217054.htm,,,2025-07-15T02:25:21.505630,2025-07-15T02:25:21.505631
217-55,航空法等の一部を改正する法律案,backlog,other,217,参議院,議員,https://www.sangiin.go.jp/meisai/m217080217055.htm,,,2025-07-15T02:25:21.505636,2025-07-15T02:25:21.505637
217-56,日本国の自衛隊と我が国以外の締約国の軍隊との間における相互のアクセス及び協力の円滑化に関する日本国と我が国以外の締約国との間の協定の実施に関する法律案,backlog,foreign_affairs,217,参議院,議員,https://www.sangiin.go.jp/meisai/m217080217056.htm,,,2025-07-15T02:25:21.505645,2025-07-15T02:25:21.505646
217-57,労働安全衛生法及び作業環境測定法の一部を改正する法律案,backlog,other,217,参議院,議員,https://www.sangiin.go.jp/meisai/m217080217057.htm,,,2025-07-15T02:25:21.505652,2025-07-15T02:25:21.505653
217-58,船員法等の一部を改正する法律案,backlog,other,217,参議院,議員,https://www.sangiin.go.jp/meisai/m217080217058.htm,,,2025-07-15T02:25:21.505658,2025-07-15T02:25:21.505659
217-59,社会経済の変化を踏まえた年金制度の機能強化のための国民年金法等の一部を改正する等の法律案,backlog,social_security,217,参議院,議員,https://www.sangiin.go.jp/meisai/m217080217059.htm,,,2025-07-15T02:25:21.505664,2025-07-15T02:25:21.505665
217-1,医療保険の被保険者証等の交付等の特例に関する法律案,backlog,social_security,217,参議院,議員,https://www.sangiin.go.jp/meisai/m217090217001.htm,,,2025-07-15T02:25:21.505670,2025-07-15T02:25:21.505671
217-2,訪問介護事業者に対する緊急の支援に関する法律案,backlog,other,217,参議院,議員,https://www.sangiin.go.jp/meisai/m217090217002.htm,,,2025-07-15T02:25:21.505676,2025-07-15T02:25:21.505677
217-3,介護・障害福祉従事者の人材確保に関する特別措置法案,backlog,other,217,参議院,議員,https://www.sangiin.go.jp/meisai/m217090217003.htm,,,2025-07-15T02:25:21.505682,2025-07-15T02:25:21.505683
217-4,政治資金規正法の一部を改正する法律案,backlog,other,217,参議院,議員,https://www.sangiin.go.jp/meisai/m217090217004.htm,,,2025-07-15T02:25:21.505688,2025-07-15T02:25:21.505689
217-5,政治資金規正法の一部を改正する法律案,backlog,other,217,参議院,議員,https://www.sangiin.go.jp/meisai/m217090217005.htm,,,2025-07-15T02:25:21.505694,2025-07-15T02:25:21.505695
217-6,高等学校等就学支援金の支給に関する法律の一部を改正する法律案,backlog,other,217,参議院,議員,https://www.sangiin.go.jp/meisai/m217090217006.htm,,,2025-07-15T02:25:21.505700,2025-07-15T02:25:21.505701
217-7,義務教育諸学校等の施設費の国庫負担等に関する法律の一部を改正する法律案,backlog,other,217,参議院,議員,https://www.sangiin.go.jp/meisai/m217090217007.htm,,,2025-07-15T02:25:21.505706,2025-07-15T02:25:21.505707
217-8,健康保険法等の一部を改正する法律案,backlog,social_security,217,参議院,議員,https://www.sangiin.go.jp/meisai/m217090217008.htm,,,2025-07-15T02:25:21.505712,2025-07-15T02:25:21.505712
217-9,公職選挙法の一部を改正する法律案,backlog,other,217,参議院,議員,https://www.sangiin.go.jp/meisai/m217090217009.htm,,,2025-07-15T02:25:21.505718,2025-07-15T02:25:21.505718
217-10,公職選挙法の一部を改正する法律案,backlog,other,217,参議院,議員,https://www.sangiin.go.jp/meisai/m217090217010.htm,,,2025-07-15T02:25:21.505723,2025-07-15T02:25:21.505724
217-11,中小企業正規労働者雇入臨時助成金の支給に関する法律案,backlog,other,217,参議院,議員,https://www.sangiin.go.jp/meisai/m217090217011.htm,,,2025-07-15T02:25:21.505744,2025-07-15T02:25:21.505745
217-12,軽油引取税の税率の特例の廃止に関する法律案,backlog,taxation,217,参議院,議員,https://www.sangiin.go.jp/meisai/m217090217012.htm,,,2025-07-15T02:25:21.505751,2025-07-15T02:25:21.505752
217-13,揮発油税及び地方揮発油税の税率の特例の廃止に関する法律案,backlog,taxation,217,参議院,議員,https://www.sangiin.go.jp/meisai/m217090217013.htm,,,2025-07-15T02:25:21.505757,2025-07-15T02:25:21.505758
217-14,政治資金規正法の一部を改正する法律案,backlog,other,217,参議院,議員,https://www.sangiin.go.jp/meisai/m217090217014.htm,,,2025-07-15T02:25:21.505763,2025-07-15T02:25:21.505764
217-15,地震防災対策強化地域における地震対策緊急整備事業に係る国の財政上の特別措置に関する法律の一部を改正する法律案,backlog,other,217,参議院,議員,https://www.sangiin.go.jp/meisai/m217090217015.htm,,,2025-07-15T02:25:21.505769,2025-07-15T02:25:21.505769
217-16,半島振興法の一部を改正する法律案,backlog,other,217,参議院,議員,https://www.sangiin.go.jp/meisai/m217090217016.htm,,,2025-07-15T02:25:21.505775,2025-07-15T02:25:21.505776
217-17,地域人口の急減に対処するための特定地域づくり事業の推進に関する法律の一部を改正する法律案,backlog,other,217,参議院,議員,https://www.sangiin.go.jp/meisai/m217090217017.htm,,,2025-07-15T02:25:21.505783,2025-07-15T02:25:21.505784
217-18,議院に出頭する証人等の旅費及び日当に関する法律の一部を改正する法律案,backlog,other,217,参議院,議員,https://www.sangiin.go.jp/meisai/m217090217018.htm,,,2025-07-15T02:25:21.505789,2025-07-15T02:25:21.505790
217-19,棚田地域振興法の一部を改正する法律案,backlog,other,217,参議院,議員,https://www.sangiin.go.jp/meisai/m217090217019.htm,,,2025-07-15T02:25:21.505795,2025-07-15T02:25:21.505796
217-20,山村振興法の一部を改正する法律案,backlog,other,217,参議院,議員,https://www.sangiin.go.jp/meisai/m217090217020.htm,,,2025-07-15T02:25:21.505801,2025-07-15T02:25:21.505802
217-21,政治資金規正法及び租税特別措置法の一部を改正する法律案,backlog,taxation,217,参議院,議員,https://www.sangiin.go.jp/meisai/m217090217021.htm,,,2025-07-15T02:25:21.505807,2025-07-15T02:25:21.505807
217-22,子ども・子育て支援法等の一部を改正する法律案,backlog,other,217,参議院,議員,https://www.sangiin.go.jp/meisai/m217090217022.htm,,,2025-07-15T02:25:21.505812,2025-07-15T02:25:21.505813
217-23,若者の就労所得に係る所得税の負担を軽減するための所得控除の拡充に関し講ずべき措置に関する法律案,backlog,taxation,217,参議院,議員,https://www.sangiin.go.jp/meisai/m217090217023.htm,,,2025-07-15T02:25:21.505818,2025-07-15T02:25:21.505819
217-24,ライドシェア事業に係る制度の導入に関する法律案,backlog,other,217,参議院,議員,https://www.sangiin.go.jp/meisai/m217090217024.htm,,,2025-07-15T02:25:21.505824,2025-07-15T02:25:21.505825
217-25,外国為替資金特別会計の在り方の見直しに関する法律案,backlog,other,217,参議院,議員,https://www.sangiin.go.jp/meisai/m217090217025.htm,,,2025-07-15T02:25:21.505830,2025-07-15T02:25:21.505831
217-26,租税特別措置法及び東日本大震災の被災者等に係る国税関係法律の臨時特例に関する法律の一部を改正する法律案,backlog,taxation,217,参議院,議員,https://www.sangiin.go.jp/meisai/m217090217026.htm,,,2025-07-15T02:25:21.505836,2025-07-15T02:25:21.505839
217-27,地方税法の一部を改正する法律案,backlog,taxation,217,参議院,議員,https://www.sangiin.go.jp/meisai/m217090217027.htm,,,2025-07-15T02:25:21.505844,2025-07-15T02:25:21.505845
217-28,国会法及び議院における証人の宣誓及び証言等に関する法律の一部を改正する法律案,backlog,other,217,参議院,議員,https://www.sangiin.go.jp/meisai/m217090217028.htm,,,2025-07-15T02:25:21.505850,2025-07-15T02:25:21.505851
217-29,民法の一部を改正する法律案,backlog,other,217,参議院,議員,https://www.sangiin.go.jp/meisai/m217090217029.htm,,,2025-07-15T02:25:21.505856,2025-07-15T02:25:21.505857
217-30,婚姻前の氏の通称使用に関する法律案,backlog,other,217,参議院,議員,https://www.sangiin.go.jp/meisai/m217090217030.htm,,,2025-07-15T02:25:21.505862,2025-07-15T02:25:21.505863
217-31,自動車盗難対策等の推進に関する法律案,backlog,other,217,参議院,議員,https://www.sangiin.go.jp/meisai/m217090217031.htm,,,2025-07-15T02:25:21.505882,2025-07-15T02:25:21.505883
217-32,組織的な犯罪の処罰及び犯罪収益の規制等に関する法律及び刑事訴訟法の一部を改正する法律案,backlog,other,217,参議院,議員,https://www.sangiin.go.jp/meisai/m217090217032.htm,,,2025-07-15T02:25:21.505916,2025-07-15T02:25:21.505923
217-33,貨物自動車運送事業法の一部を改正する法律案,backlog,other,217,参議院,議員,https://www.sangiin.go.jp/meisai/m217090217033.htm,,,2025-07-15T02:25:21.505937,2025-07-15T02:25:21.505938
217-34,貨物自動車運送事業の適正化のための体制の整備等の推進に関する法律案,backlog,other,217,参議院,議員,https://www.sangiin.go.jp/meisai/m217090217034.htm,,,2025-07-15T02:25:21.505945,2025-07-15T02:25:21.505946
217-35,民法の一部を改正する法律案,backlog,other,217,参議院,議員,https://www.sangiin.go.jp/meisai/m217090217035.htm,,,2025-07-15T02:25:21.505952,2025-07-15T02:25:21.505953
217-36,行政書士法の一部を改正する法律案,backlog,other,217,参議院,議員,https://www.sangiin.go.jp/meisai/m217090217036.htm,,,2025-07-15T02:25:21.505959,2025-07-15T02:25:21.505960
217-37,ギャンブル等依存症対策基本法の一部を改正する法律案,backlog,other,217,参議院,議員,https://www.sangiin.go.jp/meisai/m217090217037.htm,,,2025-07-15T02:25:21.505966,2025-07-15T02:25:21.505967
217-38,国有林野事業に従事する職員の労働関係を円滑に調整するための行政執行法人の労働関係に関する法律の一部を改正する法律案,backlog,other,217,参議院,議員,https://www.sangiin.go.jp/meisai/m217090217038.htm,,,2025-07-15T02:25:21.505972,2025-07-15T02:25:21.505973
217-39,国有林野事業に従事する職員の給与等に関する特例法案,backlog,other,217,参議院,議員,https://www.sangiin.go.jp/meisai/m217090217039.htm,,,2025-07-15T02:25:21.505979,2025-07-15T02:25:21.505980
217-40,農業用植物の優良な品種を確保するための公的新品種育成の促進等に関する法律案,backlog,other,217,参議院,議員,https://www.sangiin.go.jp/meisai/m217090217040.htm,,,2025-07-15T02:25:21.505986,2025-07-15T02:25:21.505987
217-41,地域在来品種等の種苗の保存及び利用等の促進に関する法律案,backlog,other,217,参議院,議員,https://www.sangiin.go.jp/meisai/m217090217041.htm,,,2025-07-15T02:25:21.505993,2025-07-15T02:25:21.505994
217-42,食料供給困難事態対策法の一部を改正する法律案,backlog,other,217,参議院,議員,https://www.sangiin.go.jp/meisai/m217090217042.htm,,,2025-07-15T02:25:21.505999,2025-07-15T02:25:21.506000
217-43,国家公務員法等の一部を改正する法律案,backlog,other,217,参議院,議員,https://www.sangiin.go.jp/meisai/m217090217043.htm,,,2025-07-15T02:25:21.506006,2025-07-15T02:25:21.506007
217-44,国家公務員の労働関係に関する法律案,backlog,other,217,参議院,議員,https://www.sangiin.go.jp/meisai/m217090217044.htm,,,2025-07-15T02:25:21.506012,2025-07-15T02:25:21.506013
217-45,公務員庁設置法案,backlog,other,217,参議院,議員,https://www.sangiin.go.jp/meisai/m217090217045.htm,,,2025-07-15T02:25:21.506019,2025-07-15T02:25:21.506020
217-46,地方公務員法等の一部を改正する法律案,backlog,other,217,参議院,議員,https://www.sangiin.go.jp/meisai/m217090217046.htm,,,2025-07-15T02:25:21.506067,2025-07-15T02:25:21.506069
217-47,地方公務員の労働関係に関する法律案,backlog,other,217,参議院,議員,https://www.sangiin.go.jp/meisai/m217090217047.htm,,,2025-07-15T02:25:21.506075,2025-07-15T02:25:21.506076
217-48,スポーツ基本法及びスポーツにおけるドーピングの防止活動の推進に関する法律の一部を改正する法律案,backlog,other,217,参議院,議員,https://www.sangiin.go.jp/meisai/m217090217048.htm,,,2025-07-15T02:25:21.506082,2025-07-15T02:25:21.506083
217-49,社会保険労務士法の一部を改正する法律案,backlog,social_security,217,参議院,議員,https://www.sangiin.go.jp/meisai/m217090217049.htm,,,2025-07-15T02:25:21.506089,2025-07-15T02:25:21.506090
217-50,公職選挙法及び地方自治法の一部を改正する法律案,backlog,other,217,参議院,議員,https://www.sangiin.go.jp/meisai/m217090217050.htm,,,2025-07-15T02:25:21.506095,2025-07-15T02:25:21.506096
217-51,衆議院の解散に係る手続等に関する法律案,backlog,other,217,参議院,議員,https://www.sangiin.go.jp/meisai/m217090217051.htm,,,2025-07-15T02:25:21.506102,2025-07-15T02:25:21.506103
217-52,租税特別措置の適用状況の透明化等に関する法律及び地方税法の一部を改正する法律案,backlog,taxation,217,参議院,議員,https://www.sangiin.go.jp/meisai/m217090217052.htm,,,2025-07-15T02:25:21.506108,2025-07-15T02:25:21.506109
217-53,租税特別措置法及び東日本大震災の被災者等に係る国税関係法律の臨時特例に関する法律の一部を改正する法律案,backlog,taxation,217,参議院,議員,https://www.sangiin.go.jp/meisai/m217090217053.htm,,,2025-07-15T02:25:21.506115,2025-07-15T02:25:21.506116
217-54,自動車産業における脱炭素化の推進に関する法律案,backlog,economy,217,参議院,議員,https://www.sangiin.go.jp/meisai/m217090217054.htm,,,2025-07-15T02:25:21.506122,2025-07-15T02:25:21.506123
217-55,政治団体における複式簿記の導入に関する法律案,backlog,other,217,参議院,議員,https://www.sangiin.go.jp/meisai/m217090217055.htm,,,2025-07-15T02:25:21.506128,2025-07-15T02:25:21.506129
217-56,児童扶養手当法の一部を改正する等の法律案,backlog,other,217,参議院,議員,https://www.sangiin.go.jp/meisai/m217090217056.htm,,,2025-07-15T02:25:21.506134,2025-07-15T02:25:21.506135
217-57,保育等従業者の人材確保のための処遇の改善等に関する特別措置法案,backlog,other,217,参議院,議員,https://www.sangiin.go.jp/meisai/m217090217057.htm,,,2025-07-15T02:25:21.506141,2025-07-15T02:25:21.506142
217-58,郵政民営化法等の一部を改正する法律案,backlog,other,217,参議院,議員,https://www.sangiin.go.jp/meisai/m217090217058.htm,,,2025-07-15T02:25:21.506148,2025-07-15T02:25:21.506149
217-59,新型コロナウイルス感染症対策検証委員会等の設置等に関する法律案,backlog,other,217,参議院,議員,https://www.sangiin.go.jp/meisai/m217090217059.htm,,,2025-07-15T02:25:21.506154,2025-07-15T02:25:21.506155
217-60,有人国境離島地域の保全及び特定有人国境離島地域に係る地域社会の維持に関する特別措置法の一部を改正する法律案,backlog,other,217,参議院,議員,https://www.sangiin.go.jp/meisai/m217090217060.htm,,,2025-07-15T02:25:21.506161,2025-07-15T02:25:21.506161
217-61,刑事訴訟法の一部を改正する法律案,backlog,other,217,参議院,議員,https://www.sangiin.go.jp/meisai/m217090217061.htm,,,2025-07-15T02:25:21.506167,2025-07-15T02:25:21.506168
217-62,主要食糧の需給及び価格の安定に関する法律の一部を改正する法律案,backlog,other,217,参議院,議員,https://www.sangiin.go.jp/meisai/m217090217062.htm,,,2025-07-15T02:25:21.506174,2025-07-15T02:25:21.506175
217-63,特定空港周辺航空機騒音対策特別措置法の一部を改正する法律案,backlog,other,217,参議院,議員,https://www.sangiin.go.jp/meisai/m217090217063.htm,,,2025-07-15T02:25:21.506180,2025-07-15T02:25:21.506181
217-64,民法の一部を改正する法律案,backlog,other,217,参議院,議員,https://www.sangiin.go.jp/meisai/m217090217064.htm,,,2025-07-15T02:25:21.506187,2025-07-15T02:25:21.506188
217-65,性同一性障害者の性別の取扱いの特例に関する法律の一部を改正する法律案,backlog,other,217,参議院,議員,https://www.sangiin.go.jp/meisai/m217090217065.htm,,,2025-07-15T02:25:21.506193,2025-07-15T02:25:21.506194
217-66,国による全ての水俣病の被害者の救済の実現に向けた給付金等の支給に係る制度の創設に関する法律案,backlog,other,217,参議院,議員,https://www.sangiin.go.jp/meisai/m217090217066.htm,,,2025-07-15T02:25:21.506200,2025-07-15T02:25:21.506201
215-1,行政手続における特定の個人を識別するための番号の利用等に関する法律等の一部を改正する法律の一部を改正する法律案,backlog,other,217,参議院,議員,https://www.sangiin.go.jp/meisai/m217090215001.htm,,,2025-07-15T02:25:21.506207,2025-07-15T02:25:21.506208
215-2,就労支援給付制度の導入に関する法律案,backlog,other,217,参議院,議員,https://www.sangiin.go.jp/meisai/m217090215002.htm,,,2025-07-15T02:25:21.506213,2025-07-15T02:25:21.506214
216-1,賃金上昇を上回る所得税の負担増加等に対処するために所得税に関し講ずべき措置に関する法律案,backlog,taxation,217,参議院,議員,https://www.sangiin.go.jp/meisai/m217090216001.htm,,,2025-07-15T02:25:21.506220,2025-07-15T02:25:21.506221
216-3,揮発油価格高騰時における揮発油税等税率特例停止措置の実施並びに揮発油税等の税率の特例の廃止及び脱炭素社会の実現等に資する税制の構築のための措置に関する法律案,backlog,taxation,217,参議院,議員,https://www.sangiin.go.jp/meisai/m217090216003.htm,,,2025-07-15T02:25:21.506226,2025-07-15T02:25:21.506227
216-4,一般会計からの自動車安全特別会計の自動車事故対策勘定への繰入れのために講ずべき措置に関する法律案,backlog,other,217,参議院,議員,https://www.sangiin.go.jp/meisai/m217090216004.htm,,,2025-07-15T02:25:21.506234,2025-07-15T02:25:21.506235
216-5,電気料金の高騰に対する当分の間の措置として電気の使用者に対して再生可能エネルギー電気に係る賦課金の請求が行われないようにするために講ずべき措置等に関する法律案,backlog,other,217,参議院,議員,https://www.sangiin.go.jp/meisai/m217090216005.htm,,,2025-07-15T02:25:21.506241,2025-07-15T02:25:21.506242
216-9,政治資金規正法の一部を改正する法律案,backlog,other,217,参議院,議員,https://www.sangiin.go.jp/meisai/m217090216009.htm,,,2025-07-15T02:25:21.506248,2025-07-15T02:25:21.506249
216-10,政治資金規正法及び租税特別措置法の一部を改正する法律案,backlog,taxation,217,参議院,議員,https://www.sangiin.go.jp/meisai/m217090216010.htm,,,2025-07-15T02:25:21.506254,2025-07-15T02:25:21.506255
216-12,政党交付金の交付停止等に関する制度の創設に関する法律案,backlog,other,217,参議院,議員,https://www.sangiin.go.jp/meisai/m217090216012.htm,,,2025-07-15T02:25:21.506261,2025-07-15T02:25:21.506262
216-13,政治資金規正法等の一部を改正する法律案,backlog,other,217,参議院,議員,https://www.sangiin.go.jp/meisai/m217090216013.htm,,,2025-07-15T02:25:21.506267,2025-07-15T02:25:21.506268
216-17,財政法の一部を改正する法律案,backlog,other,217,参議院,議員,https://www.sangiin.go.jp/meisai/m217090216017.htm,,,2025-07-15T02:25:21.506274,2025-07-15T02:25:21.506275
216-18,サイバー安全保障を確保するための能動的サイバー防御等に係る態勢の整備の推進に関する法律案,backlog,other,217,参議院,議員,https://www.sangiin.go.jp/meisai/m217090216018.htm,,,2025-07-15T02:25:21.506280,2025-07-15T02:25:21.506281
216-19,育児・介護二重負担者の支援に関する施策の推進に関する法律案,backlog,other,217,参議院,議員,https://www.sangiin.go.jp/meisai/m217090216019.htm,,,2025-07-15T02:25:21.506299,2025-07-15T02:25:21.506300
216-21,消費者対応業務関連特定行為対策の推進に関する法律案,backlog,other,217,参議院,議員,https://www.sangiin.go.jp/meisai/m217090216021.htm,,,2025-07-15T02:25:21.506307,2025-07-15T02:25:21.506308
216-22,被災者生活再建支援法の一部を改正する法律案,backlog,other,217,参議院,議員,https://www.sangiin.go.jp/meisai/m217090216022.htm,,,2025-07-15T02:25:21.506313,2025-07-15T02:25:21.506314
216-23,健康保険法及び高齢者の医療の確保に関する法律の一部を改正する法律案,backlog,social_security,217,参議院,議員,https://www.sangiin.go.jp/meisai/m217090216023.htm,,,2025-07-15T02:25:21.506320,2025-07-15T02:25:21.506321
216-24,我が国の総合的な安全保障の確保を図るための土地等の取得、利用及び管理の規制に関する施策の推進に関する法律案,backlog,other,217,参議院,議員,https://www.sangiin.go.jp/meisai/m217090216024.htm,,,2025-07-15T02:25:21.506327,2025-07-15T02:25:21.506328
216-25,学校給食法の一部を改正する法律案,backlog,other,217,参議院,議員,https://www.sangiin.go.jp/meisai/m217090216025.htm,,,2025-07-15T02:25:21.506333,2025-07-15T02:25:21.506334
217-1,特定生殖補助医療に関する法律案,backlog,other,217,参議院,議員,https://www.sangiin.go.jp/meisai/m217100217001.htm,,,2025-07-15T02:25:21.506340,2025-07-15T02:25:21.506341
217-2,政治資金規正法の一部を改正する法律案,backlog,other,217,参議院,議員,https://www.sangiin.go.jp/meisai/m217100217002.htm,,,2025-07-15T02:25:21.506346,2025-07-15T02:25:21.506347
217-3,政党助成法を廃止する法律案,backlog,other,217,参議院,議員,https://www.sangiin.go.jp/meisai/m217100217003.htm,,,2025-07-15T02:25:21.506353,2025-07-15T02:25:21.506353
217-4,学校教育法の一部を改正する法律案,backlog,other,217,参議院,議員,https://www.sangiin.go.jp/meisai/m217100217004.htm,,,2025-07-15T02:25:21.506359,2025-07-15T02:25:21.506360
217-5,自殺対策基本法の一部を改正する法律案,backlog,other,217,参議院,議員,https://www.sangiin.go.jp/meisai/m217100217005.htm,,,2025-07-15T02:25:21.506365,2025-07-15T02:25:21.506366
217-6,大深度地下の公共的使用に関する特別措置法の廃止に関する措置等に関する法律案,backlog,other,217,参議院,議員,https://www.sangiin.go.jp/meisai/m217100217006.htm,,,2025-07-15T02:25:21.506372,2025-07-15T02:25:21.506372
217-7,労働安全衛生法及び特定受託事業者に係る取引の適正化等に関する法律の一部を改正する法律案,backlog,other,217,参議院,議員,https://www.sangiin.go.jp/meisai/m217100217007.htm,,,2025-07-15T02:25:21.506378,2025-07-15T02:25:21.506379
217-8,児童の朝の居場所の確保を図るための措置等に関する法律案,backlog,other,217,参議院,議員,https://www.sangiin.go.jp/meisai/m217100217008.htm,,,2025-07-15T02:25:21.506385,2025-07-15T02:25:21.506386
217-9,手話に関する施策の推進に関する法律案,backlog,other,217,参議院,議員,https://www.sangiin.go.jp/meisai/m217100217009.htm,,,2025-07-15T02:25:21.506391,2025-07-15T02:25:21.506392
217-10,出入国管理及び難民認定法の一部を改正する法律案,backlog,other,217,参議院,議員,https://www.sangiin.go.jp/meisai/m217100217010.htm,,,2025-07-15T02:25:21.506398,2025-07-15T02:25:21.506399
217-11,出入国管理及び難民認定法及び外国人の技能実習の適正な実施及び技能実習生の保護に関する法律の一部を改正する法律の一部を改正する法律案,backlog,other,217,参議院,議員,https://www.sangiin.go.jp/meisai/m217100217011.htm,,,2025-07-15T02:25:21.506404,2025-07-15T02:25:21.506405
217-1,令和七年度一般会計予算,backlog,budget,217,参議院,議員,https://www.sangiin.go.jp/meisai/m217150217001.htm,,,2025-07-15T02:25:21.506411,2025-07-15T02:25:21.506412
217-2,令和七年度特別会計予算,backlog,budget,217,参議院,議員,https://www.sangiin.go.jp/meisai/m217150217002.htm,,,2025-07-15T02:25:21.506418,2025-07-15T02:25:21.506419
217-3,令和七年度政府関係機関予算,backlog,budget,217,参議院,議員,https://www.sangiin.go.jp/meisai/m217150217003.htm,,,2025-07-15T02:25:21.506424,2025-07-15T02:25:21.506425
217-1,所得に対する租税に関する二重課税の除去並びに脱税及び租税回避の防止のための日本国政府とウクライナ政府との間の条約の締結について承認を求めるの件,backlog,taxation,217,参議院,議員,https://www.sangiin.go.jp/meisai/m217200217001.htm,,,2025-07-15T02:25:21.506430,2025-07-15T02:25:21.506431
217-2,所得に対する租税に関する二重課税の除去並びに脱税及び租税回避の防止のための日本国とトルクメニスタンとの間の条約の締結について承認を求めるの件,backlog,taxation,217,参議院,議員,https://www.sangiin.go.jp/meisai/m217200217002.htm,,,2025-07-15T02:25:21.506437,2025-07-15T02:25:21.506438
217-3,所得に対する租税に関する二重課税の除去並びに脱税及び租税回避の防止のための日本国とアルメニア共和国との間の条約の締結について承認を求めるの件,backlog,taxation,217,参議院,議員,https://www.sangiin.go.jp/meisai/m217200217003.htm,,,2025-07-15T02:25:21.506445,2025-07-15T02:25:21.506446
217-4,経済上の連携に関する日本国とインドネシア共和国との間の協定を改正する議定書の締結について承認を求めるの件,backlog,foreign_affairs,217,参議院,議員,https://www.sangiin.go.jp/meisai/m217200217004.htm,,,2025-07-15T02:25:21.506452,2025-07-15T02:25:21.506453
217-5,航空業務に関する日本国とチェコ共和国との間の協定の締結について承認を求めるの件,backlog,foreign_affairs,217,参議院,議員,https://www.sangiin.go.jp/meisai/m217200217005.htm,,,2025-07-15T02:25:21.506459,2025-07-15T02:25:21.506460
217-6,航空業務に関する日本国とルクセンブルク大公国との間の協定の締結について承認を求めるの件,backlog,foreign_affairs,217,参議院,議員,https://www.sangiin.go.jp/meisai/m217200217006.htm,,,2025-07-15T02:25:21.506466,2025-07-15T02:25:21.506466
217-7,日本国の自衛隊とフィリピンの軍隊との間における相互のアクセス及び協力の円滑化に関する日本国とフィリピン共和国との間の協定の締結について承認を求めるの件,backlog,foreign_affairs,217,参議院,議員,https://www.sangiin.go.jp/meisai/m217200217007.htm,,,2025-07-15T02:25:21.506472,2025-07-15T02:25:21.506473
217-8,日本国の自衛隊とイタリア共和国の軍隊との間における物品又は役務の相互の提供に関する日本国政府とイタリア共和国政府との間の協定の締結について承認を求めるの件,backlog,foreign_affairs,217,参議院,議員,https://www.sangiin.go.jp/meisai/m217200217008.htm,,,2025-07-15T02:25:21.506480,2025-07-15T02:25:21.506481
217-9,千九百九十四年四月十五日にマラケシュで作成された世界貿易機関を設立するマラケシュ協定のサービスの貿易に関する一般協定の日本国の特定の約束に係る表の改善に関する確認書の締結について承認を求めるの件,backlog,foreign_affairs,217,参議院,議員,https://www.sangiin.go.jp/meisai/m217200217009.htm,,,2025-07-15T02:25:21.506487,2025-07-15T02:25:21.506488
217-10,東南アジア諸国連合貿易投資観光促進センターを設立する協定の第二次改正の受諾について承認を求めるの件,backlog,foreign_affairs,217,参議院,議員,https://www.sangiin.go.jp/meisai/m217200217010.htm,,,2025-07-15T02:25:21.506495,2025-07-15T02:25:21.506496
217-11,海洋法に関する国際連合条約に基づくいずれの国の管轄にも属さない区域における海洋の生物の多様性の保全及び持続可能な利用に関する協定の締結について承認を求めるの件,backlog,foreign_affairs,217,参議院,議員,https://www.sangiin.go.jp/meisai/m217200217011.htm,,,2025-07-15T02:25:21.506513,2025-07-15T02:25:21.506514
217-12,職業上の安全及び健康並びに作業環境に関する条約（第百五十五号）の締結について承認を求めるの件,backlog,foreign_affairs,217,参議院,議員,https://www.sangiin.go.jp/meisai/m217200217012.htm,,,2025-07-15T02:25:21.506521,2025-07-15T02:25:21.506522
217-13,千九百九十五年の漁船員の訓練及び資格証明並びに当直の基準に関する国際条約の締結について承認を求めるの件,backlog,foreign_affairs,217,参議院,議員,https://www.sangiin.go.jp/meisai/m217200217013.htm,,,2025-07-15T02:25:21.506528,2025-07-15T02:25:21.506529
217-1,令和六年度一般会計原油価格・物価高騰対策及び賃上げ促進環境整備対応予備費使用総調書及び各省各庁所管使用調書（その１）,backlog,other,217,参議院,議員,https://www.sangiin.go.jp/meisai/m217250217001.htm,,,2025-07-15T02:25:21.506535,2025-07-15T02:25:21.506536
217-2,令和六年度一般会計予備費使用総調書及び各省各庁所管使用調書（その１）,backlog,other,217,参議院,議員,https://www.sangiin.go.jp/meisai/m217250217002.htm,,,2025-07-15T02:25:21.506542,2025-07-15T02:25:21.506543
217-3,令和六年度一般会計予備費使用総調書及び各省各庁所管使用調書（その２）,backlog,other,217,参議院,議員,https://www.sangiin.go.jp/meisai/m217250217003.htm,,,2025-07-15T02:25:21.506549,2025-07-15T02:25:21.506550
216-1,令和五年度一般会計原油価格・物価高騰対策及び賃上げ促進環境整備対応予備費使用総調書及び各省各庁所管使用調書,backlog,other,217,参議院,議員,https://www.sangiin.go.jp/meisai/m217250216001.htm,,,2025-07-15T02:25:21.506555,2025-07-15T02:25:21.506556
216-2,令和五年度一般会計予備費使用総調書及び各省各庁所管使用調書,backlog,other,217,参議院,議員,https://www.sangiin.go.jp/meisai/m217250216002.htm,,,2025-07-15T02:25:21.506562,2025-07-15T02:25:21.506563
216-3,令和五年度特別会計予備費使用総調書及び各省各庁所管使用調書,backlog,other,217,参議院,議員,https://www.sangiin.go.jp/meisai/m217250216003.htm,,,2025-07-15T02:25:21.506568,2025-07-15T02:25:21.506569
216-4,令和五年度特別会計予算総則第二十一条第一項の規定による経費増額総調書及び各省各庁所管経費増額調書,backlog,budget,217,参議院,議員,https://www.sangiin.go.jp/meisai/m217250216004.htm,,,2025-07-15T02:25:21.506575,2025-07-15T02:25:21.506576
217-1,放送法第七十条第二項の規定に基づき、承認を求めるの件,backlog,other,217,参議院,議員,https://www.sangiin.go.jp/meisai/m217350217001.htm,,,2025-07-15T02:25:21.506582,2025-07-15T02:25:21.506583
217-2,特定船舶の入港の禁止に関する特別措置法第五条第一項の規定に基づき、特定船舶の入港禁止の実施につき承認を求めるの件,backlog,other,217,参議院,議員,https://www.sangiin.go.jp/meisai/m217350217002.htm,,,2025-07-15T02:25:21.506588,2025-07-15T02:25:21.506589
217-3,外国為替及び外国貿易法第十条第二項の規定に基づき、北朝鮮を仕向地とする貨物の輸出及び北朝鮮を原産地又は船積地域とする貨物の輸入につき承認義務を課する等の措置を講じたことについて承認を求めるの件,backlog,economy,217,参議院,議員,https://www.sangiin.go.jp/meisai/m217350217003.htm,,,2025-07-15T02:25:21.506595,2025-07-15T02:25:21.506596
217-1,検査官に田中淳子君及び挽文子君を任命することについて同意を求めるの件,backlog,other,217,参議院,議員,https://www.sangiin.go.jp/meisai/m217400217001.htm,,,2025-07-15T02:25:21.506603,2025-07-15T02:25:21.506604
217-2,総合科学技術・イノベーション会議議員に宮園浩平君、鈴木純君及び波多野睦子君を任命することについて同意を求めるの件,backlog,other,217,参議院,議員,https://www.sangiin.go.jp/meisai/m217400217002.htm,,,2025-07-15T02:25:21.506609,2025-07-15T02:25:21.506610
217-3,預金保険機構理事長に三井秀範君を、同理事に正願隆一君及び山崎英司君を、同監事に大谷益世君を任命することについて同意を求めるの件,backlog,social_security,217,参議院,議員,https://www.sangiin.go.jp/meisai/m217400217003.htm,,,2025-07-15T02:25:21.506616,2025-07-15T02:25:21.506617
217-4,電波監理審議会委員に西村暢史君及び矢嶋雅子君を任命することについて同意を求めるの件,backlog,other,217,参議院,議員,https://www.sangiin.go.jp/meisai/m217400217004.htm,,,2025-07-15T02:25:21.506623,2025-07-15T02:25:21.506624
217-5,日本銀行政策委員会審議委員に小枝淳子君を任命することについて同意を求めるの件,backlog,other,217,参議院,議員,https://www.sangiin.go.jp/meisai/m217400217005.htm,,,2025-07-15T02:25:21.506630,2025-07-15T02:25:21.506631
217-6,労働保険審査会委員に比佐和枝君及び廣尚典君を任命することについて同意を求めるの件,backlog,social_security,217,参議院,議員,https://www.sangiin.go.jp/meisai/m217400217006.htm,,,2025-07-15T02:25:21.506637,2025-07-15T02:25:21.506637
217-7,中央社会保険医療協議会公益委員に笠木映里君及び城山英明君を任命することについて同意を求めるの件,backlog,social_security,217,参議院,議員,https://www.sangiin.go.jp/meisai/m217400217007.htm,,,2025-07-15T02:25:21.506643,2025-07-15T02:25:21.506644
217-8,社会保険審査会委員に辻本京子君を任命することについて同意を求めるの件,backlog,social_security,217,参議院,議員,https://www.sangiin.go.jp/meisai/m217400217008.htm,,,2025-07-15T02:25:21.506650,2025-07-15T02:25:21.506651
217-9,中央労働委員会公益委員に荒木尚志君、石井浩君、安西明子君、磯部哲君、小畑史子君、鹿野菜穂子君、久保田安彦君、小圷淳子君、小西康之君、鹿士眞由美君、原恵美君、深道祐子君、川田琢之君、権丈英子君及び山川隆一君を任命することについて同意を求めるの件,backlog,other,217,参議院,議員,https://www.sangiin.go.jp/meisai/m217400217009.htm,,,2025-07-15T02:25:21.506657,2025-07-15T02:25:21.506658
217-10,運輸審議会委員に三浦大介君を任命することについて同意を求めるの件,backlog,other,217,参議院,議員,https://www.sangiin.go.jp/meisai/m217400217010.htm,,,2025-07-15T02:25:21.506665,2025-07-15T02:25:21.506666
217-11,運輸安全委員会委員長に李家賢一君を、同委員に早田久子君、高野滋君、津田宏果君、松井裕子君及び高橋明子君を任命することについて同意を求めるの件,backlog,other,217,参議院,議員,https://www.sangiin.go.jp/meisai/m217400217011.htm,,,2025-07-15T02:25:21.506671,2025-07-15T02:25:21.506672
217-12,会計検査院情報公開・個人情報保護審査会委員に杉山治樹君、福重さと子君及び堀江正之君を任命することについて同意を求めるの件,backlog,other,217,参議院,議員,https://www.sangiin.go.jp/meisai/m217400217012.htm,,,2025-07-15T02:25:21.506678,2025-07-15T02:25:21.506679
217-13,公益認定等委員会委員に清水新一郎君、生野考司君、黒田かをり君、湯浅信好君、原田大樹君、北村聡子君及び石津寿惠君を任命することについて同意を求めるの件,backlog,other,217,参議院,議員,https://www.sangiin.go.jp/meisai/m217400217013.htm,,,2025-07-15T02:25:21.506686,2025-07-15T02:25:21.506686
217-14,公正取引委員会委員長に茶谷栄治君を任命することについて同意を求めるの件,backlog,other,217,参議院,議員,https://www.sangiin.go.jp/meisai/m217400217014.htm,,,2025-07-15T02:25:21.506702,2025-07-15T02:25:21.506703
217-15,国家公安委員会委員に相星孝一君を任命することについて同意を求めるの件,backlog,other,217,参議院,議員,https://www.sangiin.go.jp/meisai/m217400217015.htm,,,2025-07-15T02:25:21.506709,2025-07-15T02:25:21.506710
217-16,公認会計士・監査審査会会長に青木雅明君を、同委員に蟹江章君、上田亮子君、古布薫君、玉井裕子君、千葉通子君、川村義則君、塩谷公朗君及び井野貴章君を任命することについて同意を求めるの件,backlog,other,217,参議院,議員,https://www.sangiin.go.jp/meisai/m217400217016.htm,,,2025-07-15T02:25:21.506716,2025-07-15T02:25:21.506717
217-17,行政不服審査会委員に八木一洋君、田澤奈津子君、羽田淳一君、福本美苗君、中原茂樹君及び野口貴公美君を任命することについて同意を求めるの件,backlog,other,217,参議院,議員,https://www.sangiin.go.jp/meisai/m217400217017.htm,,,2025-07-15T02:25:21.506723,2025-07-15T02:25:21.506724
217-18,情報公開・個人情報保護審査会委員に中里智美君、武藤京子君、稲山文男君、芳仲美惠子君、寺田麻佑君、木村琢麿君、佐藤郁美君、中村真由美君及び久末弥生君を任命することについて同意を求めるの件,backlog,other,217,参議院,議員,https://www.sangiin.go.jp/meisai/m217400217018.htm,,,2025-07-15T02:25:21.506730,2025-07-15T02:25:21.506731
217-19,中央更生保護審査会委員に辻惠介君を任命することについて同意を求めるの件,backlog,other,217,参議院,議員,https://www.sangiin.go.jp/meisai/m217400217019.htm,,,2025-07-15T02:25:21.506737,2025-07-15T02:25:21.506738
217-20,公害健康被害補償不服審査会委員に八木貴美子君及び山田広樹君を任命することについて同意を求めるの件,backlog,other,217,参議院,議員,https://www.sangiin.go.jp/meisai/m217400217020.htm,,,2025-07-15T02:25:21.506744,2025-07-15T02:25:21.506745
217-21,人事官に川本裕子君を任命することについて同意を求めるの件,backlog,other,217,参議院,議員,https://www.sangiin.go.jp/meisai/m217400217021.htm,,,2025-07-15T02:25:21.506751,2025-07-15T02:25:21.506752
217-22,原子力委員会委員に吉橋幸子君を任命することについて同意を求めるの件,backlog,other,217,参議院,議員,https://www.sangiin.go.jp/meisai/m217400217022.htm,,,2025-07-15T02:25:21.506757,2025-07-15T02:25:21.506758
217-23,個人情報保護委員会委員長に手塚悟君を任命することについて同意を求めるの件,backlog,other,217,参議院,議員,https://www.sangiin.go.jp/meisai/m217400217023.htm,,,2025-07-15T02:25:21.506764,2025-07-15T02:25:21.506765
217-24,公認会計士・監査審査会委員に宮本佐知子君を任命することについて同意を求めるの件,backlog,other,217,参議院,議員,https://www.sangiin.go.jp/meisai/m217400217024.htm,,,2025-07-15T02:25:21.506770,2025-07-15T02:25:21.506771
217-25,預金保険機構理事に田口紀子君及び島村英君を任命することについて同意を求めるの件,backlog,social_security,217,参議院,議員,https://www.sangiin.go.jp/meisai/m217400217025.htm,,,2025-07-15T02:25:21.506777,2025-07-15T02:25:21.506778
217-26,公害等調整委員会委員に中村也寸志君及び大瀧敦子君を任命することについて同意を求めるの件,backlog,other,217,参議院,議員,https://www.sangiin.go.jp/meisai/m217400217026.htm,,,2025-07-15T02:25:21.506783,2025-07-15T02:25:21.506784
217-27,日本放送協会経営委員会委員に榊原一夫君、大草透君、岡田美弥子君、藤本雅彦君及び田渕正朗君を任命することについて同意を求めるの件,backlog,other,217,参議院,議員,https://www.sangiin.go.jp/meisai/m217400217027.htm,,,2025-07-15T02:25:21.506790,2025-07-15T02:25:21.506791
217-28,日本銀行政策委員会審議委員に増一行君を任命することについて同意を求めるの件,backlog,other,217,参議院,議員,https://www.sangiin.go.jp/meisai/m217400217028.htm,,,2025-07-15T02:25:21.506797,2025-07-15T02:25:21.506798
217-29,労働保険審査会委員に菅野淑子君及び齋藤育子君を任命することについて同意を求めるの件,backlog,social_security,217,参議院,議員,https://www.sangiin.go.jp/meisai/m217400217029.htm,,,2025-07-15T02:25:21.506804,2025-07-15T02:25:21.506805
217-30,中央社会保険医療協議会公益委員に飯塚敏晃君及び本田文子君を任命することについて同意を求めるの件,backlog,social_security,217,参議院,議員,https://www.sangiin.go.jp/meisai/m217400217030.htm,,,2025-07-15T02:25:21.506811,2025-07-15T02:25:21.506811
217-31,社会保険審査会委員に浦野真美子君を任命することについて同意を求めるの件,backlog,social_security,217,参議院,議員,https://www.sangiin.go.jp/meisai/m217400217031.htm,,,2025-07-15T02:25:21.506817,2025-07-15T02:25:21.506818
217-32,原子力規制委員会委員に杉山智之君及び神田玲子君を任命することについて同意を求めるの件,backlog,other,217,参議院,議員,https://www.sangiin.go.jp/meisai/m217400217032.htm,,,2025-07-15T02:25:21.506824,2025-07-15T02:25:21.506825
216-1,令和五年度一般会計歳入歳出決算、令和五年度特別会計歳入歳出決算、令和五年度国税収納金整理資金受払計算書、令和五年度政府関係機関決算書,backlog,budget,217,参議院,議員,https://www.sangiin.go.jp/meisai/m217450216001.htm,,,2025-07-15T02:25:21.506831,2025-07-15T02:25:21.506832
216-1,令和五年度国有財産増減及び現在額総計算書,backlog,other,217,参議院,議員,https://www.sangiin.go.jp/meisai/m217500216001.htm,,,2025-07-15T02:25:21.506838,2025-07-15T02:25:21.506839
216-1,令和五年度国有財産無償貸付状況総計算書,backlog,other,217,参議院,議員,https://www.sangiin.go.jp/meisai/m217525216001.htm,,,2025-07-15T02:25:21.506844,2025-07-15T02:25:21.506845
207-1,日本放送協会令和二年度財産目録、貸借対照表、損益計算書、資本等変動計算書及びキャッシュ・フロー計算書並びにこれらに関する説明書,backlog,other,217,参議院,議員,https://www.sangiin.go.jp/meisai/m217550207001.htm,,,2025-07-15T02:25:21.506851,2025-07-15T02:25:21.506852
210-1,日本放送協会令和三年度財産目録、貸借対照表、損益計算書、資本等変動計算書及びキャッシュ・フロー計算書並びにこれらに関する説明書,backlog,other,217,参議院,議員,https://www.sangiin.go.jp/meisai/m217550210001.htm,,,2025-07-15T02:25:21.506858,2025-07-15T02:25:21.506859
212-1,日本放送協会令和四年度財産目録、貸借対照表、損益計算書、資本等変動計算書及びキャッシュ・フロー計算書並びにこれらに関する説明書,backlog,other,217,参議院,議員,https://www.sangiin.go.jp/meisai/m217550212001.htm,,,2025-07-15T02:25:21.506865,2025-07-15T02:25:21.506866
216-1,日本放送協会令和五年度財産目録、貸借対照表、損益計算書、資本等変動計算書及びキャッシュ・フロー計算書並びにこれらに関する説明書,backlog,other,217,参議院,議員,https://www.sangiin.go.jp/meisai/m217550216001.htm,,,2025-07-15T02:25:21.506872,2025-07-15T02:25:21.506873
217-1,国際協同組合年に当たり協同組合の振興を図る決議案,backlog,other,217,参議院,議員,https://www.sangiin.go.jp/meisai/m217600217001.htm,,,2025-07-15T02:25:21.506879,2025-07-15T02:25:21.506880
217-2,財政金融委員長三宅伸吾君解任決議案,backlog,other,217,参議院,議員,https://www.sangiin.go.jp/meisai/m217600217002.htm,,,2025-07-15T02:25:21.506896,2025-07-15T02:25:21.506897
217-1,参議院規則の一部を改正する規則案,backlog,other,217,参議院,議員,https://www.sangiin.go.jp/meisai/m217650217001.htm,,,2025-07-15T02:25:21.506903,2025-07-15T02:25:21.506904
217-2,参議院規則の一部を改正する規則案,backlog,other,217,参議院,議員,https://www.sangiin.go.jp/meisai/m217650217002.htm,,,2025-07-15T02:25:21.506909,2025-07-15T02:25:21.506910
217-1,参議院憲法審査会規程の一部を改正する規程案,backlog,other,217,参議院,議員,https://www.sangiin.go.jp/meisai/m217725217001.htm,,,2025-07-15T02:25:21.506916,2025-07-15T02:25:21.506916
217-2,参議院事務局職員定員規程の一部を改正する規程案,backlog,other,217,参議院,議員,https://www.sangiin.go.jp/meisai/m217725217002.htm,,,2025-07-15T02:25:21.506922,2025-07-15T02:25:21.506923
217-3,参議院情報監視審査会規程の一部を改正する規程案,backlog,other,217,参議院,議員,https://www.sangiin.go.jp/meisai/m217725217003.htm,,,2025-07-15T02:25:21.506929,2025-07-15T02:25:21.506929
